,0
0,without_mask
1,with_mask
2,without_mask
3,with_mask
4,with_mask
5,with_mask
6,without_mask
7,with_mask
8,without_mask
9,without_mask
10,without_mask
11,without_mask
12,with_mask
13,with_mask
14,without_mask
15,with_mask
16,without_mask
17,with_mask
18,with_mask
19,with_mask
20,without_mask
21,without_mask
22,without_mask
23,without_mask
24,with_mask
25,with_mask
26,without_mask
27,without_mask
28,with_mask
29,with_mask
30,without_mask
31,with_mask
32,with_mask
33,without_mask
34,without_mask
35,with_mask
36,without_mask
37,without_mask
38,with_mask
39,without_mask
40,with_mask
41,with_mask
42,without_mask
43,without_mask
44,with_mask
45,without_mask
46,without_mask
47,with_mask
48,without_mask
49,without_mask
50,with_mask
51,with_mask
52,without_mask
53,with_mask
54,without_mask
55,without_mask
56,with_mask
57,with_mask
58,with_mask
59,without_mask
60,without_mask
61,with_mask
62,with_mask
63,with_mask
64,without_mask
65,with_mask
66,without_mask
67,with_mask
68,without_mask
69,with_mask
70,without_mask
71,without_mask
72,with_mask
73,with_mask
74,with_mask
75,with_mask
76,with_mask
77,without_mask
78,without_mask
79,without_mask
80,with_mask
81,without_mask
82,with_mask
83,with_mask
84,without_mask
85,without_mask
86,without_mask
87,without_mask
88,with_mask
89,without_mask
90,with_mask
91,with_mask
92,with_mask
93,with_mask
94,with_mask
95,with_mask
96,without_mask
97,without_mask
98,without_mask
99,without_mask
100,with_mask
101,with_mask
102,without_mask
103,without_mask
104,with_mask
105,with_mask
106,without_mask
107,with_mask
108,without_mask
109,without_mask
110,with_mask
111,without_mask
112,with_mask
113,without_mask
114,with_mask
115,without_mask
116,with_mask
117,without_mask
118,without_mask
119,without_mask
120,with_mask
121,with_mask
122,with_mask
123,with_mask
124,with_mask
125,with_mask
126,with_mask
127,with_mask
128,with_mask
129,without_mask
130,with_mask
131,with_mask
132,without_mask
133,with_mask
134,with_mask
135,without_mask
136,with_mask
137,with_mask
138,without_mask
139,with_mask
140,without_mask
141,with_mask
142,without_mask
143,without_mask
144,without_mask
145,without_mask
146,without_mask
147,without_mask
148,without_mask
149,without_mask
150,with_mask
151,without_mask
152,with_mask
153,with_mask
154,with_mask
155,with_mask
156,with_mask
157,with_mask
158,with_mask
159,with_mask
160,with_mask
161,with_mask
162,with_mask
163,with_mask
164,with_mask
165,with_mask
166,with_mask
167,without_mask
168,without_mask
169,with_mask
170,with_mask
171,with_mask
172,with_mask
173,with_mask
174,with_mask
175,without_mask
176,with_mask
177,without_mask
178,with_mask
179,without_mask
180,with_mask
181,with_mask
182,without_mask
183,with_mask
184,without_mask
185,with_mask
186,with_mask
187,without_mask
188,with_mask
189,with_mask
190,without_mask
191,without_mask
192,without_mask
193,without_mask
194,with_mask
195,with_mask
196,without_mask
197,with_mask
198,with_mask
199,with_mask
200,with_mask
201,without_mask
202,with_mask
203,without_mask
204,with_mask
205,without_mask
206,without_mask
207,without_mask
208,with_mask
209,with_mask
210,with_mask
211,with_mask
212,without_mask
213,without_mask
214,without_mask
215,without_mask
216,with_mask
217,with_mask
218,without_mask
219,with_mask
220,with_mask
221,without_mask
222,with_mask
223,without_mask
224,with_mask
225,without_mask
226,without_mask
227,with_mask
228,without_mask
229,without_mask
230,with_mask
231,with_mask
232,with_mask
233,with_mask
234,without_mask
235,without_mask
236,with_mask
237,with_mask
238,without_mask
239,with_mask
240,without_mask
241,with_mask
242,with_mask
243,without_mask
244,without_mask
245,without_mask
246,without_mask
247,with_mask
248,without_mask
249,with_mask
250,with_mask
251,with_mask
252,with_mask
253,without_mask
254,with_mask
255,without_mask
256,without_mask
257,with_mask
258,with_mask
259,with_mask
260,with_mask
261,with_mask
262,with_mask
263,without_mask
264,with_mask
265,without_mask
266,with_mask
267,with_mask
268,with_mask
269,without_mask
270,with_mask
271,without_mask
272,with_mask
273,with_mask
274,without_mask
275,without_mask
276,with_mask
277,with_mask
278,with_mask
279,without_mask
280,with_mask
281,without_mask
282,without_mask
283,without_mask
284,with_mask
285,without_mask
286,with_mask
287,with_mask
288,without_mask
289,without_mask
290,without_mask
291,with_mask
292,without_mask
293,with_mask
294,with_mask
295,without_mask
296,with_mask
297,with_mask
298,without_mask
299,without_mask
300,with_mask
301,without_mask
302,with_mask
303,without_mask
304,without_mask
305,without_mask
306,with_mask
307,without_mask
308,without_mask
309,without_mask
310,with_mask
311,without_mask
312,without_mask
313,with_mask
314,without_mask
315,with_mask
316,without_mask
317,without_mask
318,without_mask
319,with_mask
320,with_mask
321,with_mask
322,with_mask
323,with_mask
324,with_mask
325,without_mask
326,without_mask
327,with_mask
328,with_mask
329,without_mask
330,with_mask
331,with_mask
332,without_mask
333,with_mask
334,with_mask
335,without_mask
336,without_mask
337,with_mask
338,with_mask
339,with_mask
340,with_mask
341,without_mask
342,with_mask
343,without_mask
344,with_mask
345,without_mask
346,with_mask
347,with_mask
348,without_mask
349,with_mask
350,with_mask
351,without_mask
352,with_mask
353,without_mask
354,without_mask
355,without_mask
356,with_mask
357,without_mask
358,without_mask
359,without_mask
360,without_mask
361,with_mask
362,without_mask
363,without_mask
364,without_mask
365,with_mask
366,with_mask
367,without_mask
368,with_mask
369,with_mask
370,without_mask
371,without_mask
372,with_mask
373,with_mask
374,with_mask
375,with_mask
376,without_mask
377,with_mask
378,without_mask
379,with_mask
380,without_mask
381,with_mask
382,without_mask
383,without_mask
384,with_mask
385,with_mask
386,without_mask
387,with_mask
388,with_mask
389,with_mask
390,without_mask
391,without_mask
392,without_mask
393,with_mask
394,with_mask
395,with_mask
396,without_mask
397,with_mask
398,without_mask
399,with_mask
400,with_mask
401,without_mask
402,with_mask
403,without_mask
404,with_mask
405,without_mask
406,without_mask
407,without_mask
408,with_mask
409,with_mask
410,with_mask
411,with_mask
412,with_mask
413,with_mask
414,with_mask
415,without_mask
416,without_mask
417,with_mask
418,without_mask
419,without_mask
420,with_mask
421,without_mask
422,with_mask
423,without_mask
424,without_mask
425,with_mask
426,without_mask
427,with_mask
428,without_mask
429,with_mask
430,without_mask
431,without_mask
432,without_mask
433,with_mask
434,with_mask
435,with_mask
436,with_mask
437,without_mask
438,with_mask
439,with_mask
440,with_mask
441,with_mask
442,with_mask
443,with_mask
444,without_mask
445,without_mask
446,without_mask
447,without_mask
448,without_mask
449,with_mask
450,with_mask
451,without_mask
452,with_mask
453,with_mask
454,with_mask
455,without_mask
456,with_mask
457,with_mask
458,with_mask
459,without_mask
460,with_mask
461,without_mask
462,with_mask
463,with_mask
464,without_mask
465,without_mask
466,without_mask
467,without_mask
468,without_mask
469,without_mask
470,with_mask
471,with_mask
472,without_mask
473,with_mask
474,with_mask
475,without_mask
476,with_mask
477,without_mask
478,without_mask
479,without_mask
480,without_mask
481,without_mask
482,with_mask
483,with_mask
484,without_mask
485,without_mask
486,with_mask
487,with_mask
488,without_mask
489,without_mask
490,without_mask
491,without_mask
492,without_mask
493,with_mask
494,with_mask
495,with_mask
496,with_mask
497,without_mask
498,with_mask
499,without_mask
500,with_mask
501,without_mask
502,with_mask
503,without_mask
504,without_mask
505,with_mask
506,with_mask
507,without_mask
508,with_mask
509,without_mask
510,with_mask
511,with_mask
512,without_mask
513,without_mask
514,without_mask
515,without_mask
516,without_mask
517,with_mask
518,with_mask
519,without_mask
520,with_mask
521,without_mask
522,with_mask
523,with_mask
524,without_mask
525,with_mask
526,with_mask
527,with_mask
528,with_mask
529,with_mask
530,with_mask
531,with_mask
532,with_mask
533,without_mask
534,without_mask
535,with_mask
536,with_mask
537,with_mask
538,with_mask
539,without_mask
540,without_mask
541,with_mask
542,without_mask
543,without_mask
544,without_mask
545,with_mask
546,with_mask
547,without_mask
548,without_mask
549,without_mask
550,with_mask
551,with_mask
552,with_mask
553,without_mask
554,with_mask
555,with_mask
556,with_mask
557,without_mask
558,without_mask
559,with_mask
560,with_mask
561,without_mask
562,with_mask
563,without_mask
564,without_mask
565,without_mask
566,with_mask
567,without_mask
568,without_mask
569,with_mask
570,with_mask
571,without_mask
572,without_mask
573,with_mask
574,with_mask
575,with_mask
576,without_mask
577,with_mask
578,with_mask
579,with_mask
580,without_mask
581,with_mask
582,without_mask
583,without_mask
584,without_mask
585,without_mask
586,with_mask
587,with_mask
588,without_mask
589,without_mask
590,with_mask
591,with_mask
592,without_mask
593,without_mask
594,with_mask
595,with_mask
596,with_mask
597,with_mask
598,with_mask
599,without_mask
600,with_mask
601,without_mask
602,without_mask
603,without_mask
604,with_mask
605,with_mask
606,with_mask
607,without_mask
608,without_mask
609,without_mask
610,with_mask
611,with_mask
612,with_mask
613,with_mask
614,without_mask
615,with_mask
616,with_mask
617,with_mask
618,without_mask
619,without_mask
620,with_mask
621,without_mask
622,with_mask
623,without_mask
624,with_mask
625,with_mask
626,without_mask
627,without_mask
628,without_mask
629,without_mask
630,without_mask
631,without_mask
632,with_mask
633,without_mask
634,without_mask
635,without_mask
636,with_mask
637,without_mask
638,with_mask
639,with_mask
640,with_mask
641,with_mask
642,with_mask
643,with_mask
644,with_mask
645,without_mask
646,without_mask
647,with_mask
648,without_mask
649,without_mask
650,with_mask
651,without_mask
652,with_mask
653,without_mask
654,without_mask
655,with_mask
656,without_mask
657,without_mask
658,without_mask
659,without_mask
660,without_mask
661,without_mask
662,without_mask
663,with_mask
664,with_mask
665,without_mask
666,without_mask
667,with_mask
668,with_mask
669,without_mask
670,with_mask
671,without_mask
672,with_mask
673,with_mask
674,with_mask
675,without_mask
676,without_mask
677,with_mask
678,with_mask
679,without_mask
680,with_mask
681,without_mask
682,without_mask
683,with_mask
684,with_mask
685,with_mask
686,with_mask
687,without_mask
688,with_mask
689,without_mask
690,with_mask
691,without_mask
692,with_mask
693,without_mask
694,with_mask
695,without_mask
696,with_mask
697,without_mask
698,without_mask
699,with_mask
700,with_mask
701,without_mask
702,without_mask
703,without_mask
704,without_mask
705,with_mask
706,without_mask
707,with_mask
708,without_mask
709,with_mask
710,without_mask
711,without_mask
712,with_mask
713,without_mask
714,with_mask
715,without_mask
716,with_mask
717,without_mask
718,with_mask
719,with_mask
720,without_mask
721,with_mask
722,with_mask
723,with_mask
724,with_mask
725,with_mask
726,without_mask
727,without_mask
728,without_mask
729,with_mask
730,with_mask
731,with_mask
732,with_mask
733,without_mask
734,without_mask
735,without_mask
736,with_mask
737,without_mask
738,without_mask
739,with_mask
740,without_mask
741,with_mask
742,with_mask
743,without_mask
744,without_mask
745,without_mask
746,with_mask
747,without_mask
748,without_mask
749,with_mask
750,with_mask
751,with_mask
752,without_mask
753,with_mask
754,without_mask
755,with_mask
756,without_mask
757,with_mask
758,with_mask
759,without_mask
760,with_mask
761,with_mask
762,without_mask
763,with_mask
764,with_mask
765,with_mask
766,with_mask
767,without_mask
768,without_mask
769,without_mask
770,without_mask
771,with_mask
772,without_mask
773,with_mask
774,without_mask
775,without_mask
776,without_mask
777,without_mask
778,without_mask
779,without_mask
780,without_mask
781,without_mask
782,with_mask
783,without_mask
784,with_mask
785,without_mask
786,without_mask
787,with_mask
788,with_mask
789,with_mask
790,without_mask
791,with_mask
792,with_mask
793,with_mask
794,without_mask
795,without_mask
796,with_mask
797,without_mask
798,without_mask
799,without_mask
800,with_mask
801,with_mask
802,without_mask
803,with_mask
804,without_mask
805,with_mask
806,without_mask
807,without_mask
808,without_mask
809,with_mask
810,without_mask
811,with_mask
812,with_mask
813,with_mask
814,with_mask
815,without_mask
816,without_mask
817,without_mask
818,without_mask
819,with_mask
820,with_mask
821,with_mask
822,without_mask
823,with_mask
824,with_mask
825,without_mask
826,without_mask
827,with_mask
828,with_mask
829,with_mask
830,without_mask
831,without_mask
832,with_mask
833,with_mask
834,without_mask
835,without_mask
836,with_mask
837,without_mask
838,with_mask
839,with_mask
840,without_mask
841,with_mask
842,with_mask
843,without_mask
844,without_mask
845,with_mask
846,with_mask
847,with_mask
848,with_mask
849,without_mask
850,with_mask
851,with_mask
852,without_mask
853,with_mask
854,with_mask
855,without_mask
856,with_mask
857,with_mask
858,with_mask
859,without_mask
860,with_mask
861,with_mask
862,with_mask
863,without_mask
864,without_mask
865,without_mask
866,without_mask
867,without_mask
868,with_mask
869,with_mask
870,with_mask
871,with_mask
872,without_mask
873,with_mask
874,with_mask
875,with_mask
876,with_mask
877,with_mask
878,without_mask
879,with_mask
880,without_mask
881,without_mask
882,with_mask
883,without_mask
884,without_mask
885,with_mask
886,without_mask
887,without_mask
888,without_mask
889,with_mask
890,without_mask
891,with_mask
892,with_mask
893,with_mask
894,with_mask
895,with_mask
896,without_mask
897,with_mask
898,with_mask
899,with_mask
900,with_mask
901,without_mask
902,with_mask
903,with_mask
904,with_mask
905,with_mask
906,with_mask
907,with_mask
908,without_mask
909,with_mask
910,without_mask
911,with_mask
912,without_mask
913,with_mask
914,with_mask
915,without_mask
916,with_mask
917,without_mask
918,with_mask
919,without_mask
920,without_mask
921,with_mask
922,without_mask
923,without_mask
924,without_mask
925,with_mask
926,without_mask
927,without_mask
928,without_mask
929,with_mask
930,with_mask
931,without_mask
932,with_mask
933,without_mask
934,with_mask
935,without_mask
936,without_mask
937,with_mask
938,without_mask
939,with_mask
940,without_mask
941,with_mask
942,with_mask
943,with_mask
944,with_mask
945,with_mask
946,with_mask
947,with_mask
948,with_mask
949,without_mask
950,without_mask
951,without_mask
952,with_mask
953,with_mask
954,without_mask
955,with_mask
956,without_mask
957,without_mask
958,with_mask
959,without_mask
960,without_mask
961,without_mask
962,without_mask
963,without_mask
964,without_mask
965,without_mask
966,without_mask
967,with_mask
968,without_mask
969,without_mask
970,with_mask
971,with_mask
972,without_mask
973,without_mask
974,without_mask
975,without_mask
976,with_mask
977,with_mask
978,without_mask
979,with_mask
980,without_mask
981,without_mask
982,without_mask
983,without_mask
984,without_mask
985,with_mask
986,with_mask
987,without_mask
988,with_mask
989,with_mask
990,without_mask
991,without_mask
992,with_mask
993,with_mask
994,with_mask
995,without_mask
996,with_mask
997,without_mask
998,without_mask
999,with_mask
1000,without_mask
1001,without_mask
1002,with_mask
1003,with_mask
1004,with_mask
1005,with_mask
1006,with_mask
1007,with_mask
1008,with_mask
1009,with_mask
1010,with_mask
1011,with_mask
1012,without_mask
1013,without_mask
1014,without_mask
1015,without_mask
1016,with_mask
1017,with_mask
1018,without_mask
1019,without_mask
1020,without_mask
1021,without_mask
1022,with_mask
1023,with_mask
1024,with_mask
1025,without_mask
1026,without_mask
1027,with_mask
1028,without_mask
1029,with_mask
1030,with_mask
1031,with_mask
1032,with_mask
1033,with_mask
1034,without_mask
1035,with_mask
1036,with_mask
1037,with_mask
1038,without_mask
1039,with_mask
1040,without_mask
1041,without_mask
1042,without_mask
1043,with_mask
1044,without_mask
1045,with_mask
1046,without_mask
1047,with_mask
1048,with_mask
1049,with_mask
1050,with_mask
1051,without_mask
1052,with_mask
1053,without_mask
1054,with_mask
1055,with_mask
1056,without_mask
1057,with_mask
1058,without_mask
1059,with_mask
1060,without_mask
1061,with_mask
1062,without_mask
1063,with_mask
1064,without_mask
1065,with_mask
1066,with_mask
1067,with_mask
1068,with_mask
1069,with_mask
1070,without_mask
1071,without_mask
1072,without_mask
1073,with_mask
1074,with_mask
1075,without_mask
1076,without_mask
1077,with_mask
1078,without_mask
1079,with_mask
1080,with_mask
1081,with_mask
1082,with_mask
1083,without_mask
1084,with_mask
1085,without_mask
1086,without_mask
1087,without_mask
1088,with_mask
1089,with_mask
1090,with_mask
1091,with_mask
1092,with_mask
1093,with_mask
1094,with_mask
1095,with_mask
1096,without_mask
1097,without_mask
1098,without_mask
1099,with_mask
1100,without_mask
1101,without_mask
1102,without_mask
1103,with_mask
1104,without_mask
1105,without_mask
1106,without_mask
1107,without_mask
1108,with_mask
1109,with_mask
1110,with_mask
1111,without_mask
1112,with_mask
1113,with_mask
1114,with_mask
1115,without_mask
1116,with_mask
1117,without_mask
1118,with_mask
1119,without_mask
1120,without_mask
1121,with_mask
1122,without_mask
1123,with_mask
1124,with_mask
1125,without_mask
1126,without_mask
1127,without_mask
1128,without_mask
1129,without_mask
1130,without_mask
1131,without_mask
1132,with_mask
1133,without_mask
1134,with_mask
1135,with_mask
1136,without_mask
1137,with_mask
1138,with_mask
1139,with_mask
1140,without_mask
1141,without_mask
1142,with_mask
1143,with_mask
1144,with_mask
1145,without_mask
1146,with_mask
1147,without_mask
1148,without_mask
1149,without_mask
1150,without_mask
1151,without_mask
1152,with_mask
1153,with_mask
1154,with_mask
1155,with_mask
1156,with_mask
1157,with_mask
1158,without_mask
1159,without_mask
1160,with_mask
1161,without_mask
1162,with_mask
1163,without_mask
1164,with_mask
1165,with_mask
1166,without_mask
1167,with_mask
1168,with_mask
1169,without_mask
1170,without_mask
1171,without_mask
1172,without_mask
1173,with_mask
1174,without_mask
1175,with_mask
1176,without_mask
1177,without_mask
1178,with_mask
1179,without_mask
1180,with_mask
1181,with_mask
1182,with_mask
1183,with_mask
1184,with_mask
1185,with_mask
1186,without_mask
1187,without_mask
1188,with_mask
1189,without_mask
1190,with_mask
1191,without_mask
1192,without_mask
1193,without_mask
1194,without_mask
1195,without_mask
1196,with_mask
1197,with_mask
1198,with_mask
1199,with_mask
1200,with_mask
1201,with_mask
1202,without_mask
1203,without_mask
1204,with_mask
1205,without_mask
1206,with_mask
1207,with_mask
1208,without_mask
1209,with_mask
1210,with_mask
1211,without_mask
1212,with_mask
1213,with_mask
1214,without_mask
1215,without_mask
1216,with_mask
1217,with_mask
1218,without_mask
1219,without_mask
1220,without_mask
1221,with_mask
1222,without_mask
1223,with_mask
1224,without_mask
1225,with_mask
1226,without_mask
1227,with_mask
1228,with_mask
1229,with_mask
1230,with_mask
1231,with_mask
1232,with_mask
1233,with_mask
1234,with_mask
1235,without_mask
1236,without_mask
1237,without_mask
1238,with_mask
1239,without_mask
1240,with_mask
1241,without_mask
1242,with_mask
1243,without_mask
1244,with_mask
1245,with_mask
1246,with_mask
1247,without_mask
1248,with_mask
1249,with_mask
1250,without_mask
1251,with_mask
1252,with_mask
1253,with_mask
1254,without_mask
1255,without_mask
1256,with_mask
1257,without_mask
1258,without_mask
1259,with_mask
1260,with_mask
1261,with_mask
1262,without_mask
1263,without_mask
1264,with_mask
1265,without_mask
1266,without_mask
1267,with_mask
1268,without_mask
1269,with_mask
1270,with_mask
1271,without_mask
1272,without_mask
1273,without_mask
1274,without_mask
1275,with_mask
1276,without_mask
1277,with_mask
1278,without_mask
1279,with_mask
1280,with_mask
1281,with_mask
1282,with_mask
1283,with_mask
1284,with_mask
1285,without_mask
1286,without_mask
1287,without_mask
1288,with_mask
1289,with_mask
1290,without_mask
1291,without_mask
1292,without_mask
1293,with_mask
1294,with_mask
1295,without_mask
1296,without_mask
1297,with_mask
1298,with_mask
1299,with_mask
1300,with_mask
1301,without_mask
1302,with_mask
1303,without_mask
1304,with_mask
1305,without_mask
1306,without_mask
1307,with_mask
1308,with_mask
1309,with_mask
1310,with_mask
1311,without_mask
1312,with_mask
1313,without_mask
1314,with_mask
1315,without_mask
1316,without_mask
1317,with_mask
1318,with_mask
1319,with_mask
1320,without_mask
1321,without_mask
1322,with_mask
1323,without_mask
1324,with_mask
1325,with_mask
1326,without_mask
1327,with_mask
1328,with_mask
1329,without_mask
1330,with_mask
1331,with_mask
1332,without_mask
1333,without_mask
1334,without_mask
1335,without_mask
1336,without_mask
1337,with_mask
1338,without_mask
1339,with_mask
1340,with_mask
1341,without_mask
1342,with_mask
1343,without_mask
1344,with_mask
1345,without_mask
1346,without_mask
1347,without_mask
1348,without_mask
1349,without_mask
1350,without_mask
1351,with_mask
1352,with_mask
1353,without_mask
1354,without_mask
1355,without_mask
1356,without_mask
1357,with_mask
1358,without_mask
1359,without_mask
1360,without_mask
1361,with_mask
1362,without_mask
1363,without_mask
1364,without_mask
1365,with_mask
1366,with_mask
1367,without_mask
1368,without_mask
1369,with_mask
1370,with_mask
1371,with_mask
1372,without_mask
1373,with_mask
1374,with_mask
1375,without_mask
1376,with_mask
1377,without_mask
1378,without_mask
1379,without_mask
1380,with_mask
1381,with_mask
1382,with_mask
1383,without_mask
1384,without_mask
1385,with_mask
1386,with_mask
1387,with_mask
1388,without_mask
1389,without_mask
1390,with_mask
1391,without_mask
1392,without_mask
1393,without_mask
1394,with_mask
1395,without_mask
1396,with_mask
1397,without_mask
1398,without_mask
1399,without_mask
1400,without_mask
1401,with_mask
1402,with_mask
1403,without_mask
1404,with_mask
1405,with_mask
1406,without_mask
1407,with_mask
1408,without_mask
1409,with_mask
1410,without_mask
1411,with_mask
1412,without_mask
1413,without_mask
1414,without_mask
1415,with_mask
1416,without_mask
1417,without_mask
1418,without_mask
1419,with_mask
1420,without_mask
1421,with_mask
1422,without_mask
1423,with_mask
1424,without_mask
1425,with_mask
1426,without_mask
1427,without_mask
1428,without_mask
1429,with_mask
1430,with_mask
1431,with_mask
1432,with_mask
1433,without_mask
1434,with_mask
1435,without_mask
1436,without_mask
1437,with_mask
1438,without_mask
1439,with_mask
1440,with_mask
1441,with_mask
1442,with_mask
1443,without_mask
1444,with_mask
1445,without_mask
1446,with_mask
1447,without_mask
1448,with_mask
1449,with_mask
1450,without_mask
1451,without_mask
1452,with_mask
1453,with_mask
1454,with_mask
1455,without_mask
1456,without_mask
1457,without_mask
1458,without_mask
1459,without_mask
1460,without_mask
1461,with_mask
1462,without_mask
1463,with_mask
1464,without_mask
1465,with_mask
1466,without_mask
1467,with_mask
1468,without_mask
1469,with_mask
1470,with_mask
1471,with_mask
1472,without_mask
1473,with_mask
1474,without_mask
1475,with_mask
1476,without_mask
1477,with_mask
1478,with_mask
1479,with_mask
1480,without_mask
1481,with_mask
1482,without_mask
1483,without_mask
1484,without_mask
1485,without_mask
1486,without_mask
1487,with_mask
1488,with_mask
1489,with_mask
1490,without_mask
1491,with_mask
1492,without_mask
1493,with_mask
1494,without_mask
1495,with_mask
1496,with_mask
1497,with_mask
1498,without_mask
1499,with_mask
1500,without_mask
1501,with_mask
1502,with_mask
1503,without_mask
1504,with_mask
1505,with_mask
1506,without_mask
1507,with_mask
1508,without_mask
1509,without_mask
1510,without_mask
1511,without_mask
1512,without_mask
1513,without_mask
1514,without_mask
1515,without_mask
1516,with_mask
1517,with_mask
1518,with_mask
1519,with_mask
1520,without_mask
1521,with_mask
1522,with_mask
1523,without_mask
1524,with_mask
1525,without_mask
1526,with_mask
1527,without_mask
1528,with_mask
1529,with_mask
1530,with_mask
1531,with_mask
1532,with_mask
1533,with_mask
1534,with_mask
1535,without_mask
